image,score,lid
image_23_80.jpg,4.975166320800781,23
image_25_40.jpg,1.0999555438756943,25
image_74_200.jpg,3.749828577041626,74
image_25_100.jpg,1.7803655862808228,25
image_28_20.jpg,0.997826874256134,28
image_7_0.jpg,4.738639980554581,7
image_113_180.jpg,0.0,113
image_21_220.jpg,2.9905477166175842,21
image_44_100.jpg,18.396986559033394,44
image_90_340.jpg,0.0,90
image_92_220.jpg,3.2023893147706985,92
image_1_40.jpg,3.5033856630325317,1
image_82_140.jpg,21.297201320528984,82
image_57_320.jpg,20.561982974410057,57
image_42_300.jpg,25.366622656583786,42
image_29_220.jpg,0.9977541565895081,29
image_81_100.jpg,3.2496325224637985,81
image_10_200.jpg,6.2424169182777405,10
image_13_280.jpg,0.48264360427856445,13
image_71_260.jpg,2.1264949440956116,71
image_16_180.jpg,3.3773842453956604,16
image_100_140.jpg,1.2184898257255554,100
image_31_340.jpg,0.37254124879837036,31
image_95_180.jpg,0.0,95
image_97_140.jpg,2.2739935517311096,97
image_2_40.jpg,0.0,2
image_84_0.jpg,0.0,84
image_24_280.jpg,1.9905495643615723,24
image_10_340.jpg,0.0,10
image_60_300.jpg,7.7017359882593155,60
image_100_320.jpg,0.0,100
image_15_180.jpg,7.673125445842743,15
image_16_280.jpg,11.619824945926666,16
image_51_60.jpg,11.330868750810623,51
image_47_140.jpg,9.655846431851387,47
image_71_80.jpg,3.442242205142975,71
image_72_140.jpg,1.4553506970405579,72
image_34_340.jpg,4.890530943870544,34
image_84_320.jpg,0.8711503148078918,84
image_100_260.jpg,0.0,100
image_12_260.jpg,0.0,12
image_103_240.jpg,0.38869017362594604,103
image_27_200.jpg,2.737723797559738,27
image_50_260.jpg,1.8238433003425598,50
image_103_160.jpg,0.23531948029994965,103
image_71_320.jpg,4.16738797724247,71
image_48_260.jpg,0.9939727187156677,48
image_88_100.jpg,0.0,88
image_92_120.jpg,8.85391491651535,92
image_70_180.jpg,0.7248813807964325,70
image_27_40.jpg,3.3532937467098236,27
image_4_340.jpg,1.1376726031303406,4
image_11_80.jpg,2.1275104880332947,11
image_112_40.jpg,0.29804712533950806,112
image_58_100.jpg,8.304172277450562,58
image_82_60.jpg,4.191973492503166,82
image_35_280.jpg,0.0,35
image_49_260.jpg,12.30441015958786,49
image_98_220.jpg,0.7105216979980469,98
image_84_100.jpg,5.322157368063927,84
image_112_240.jpg,0.0,112
image_43_180.jpg,0.0,43
image_41_200.jpg,0.0,41
image_55_200.jpg,0.0,55
image_22_180.jpg,0.0,22
image_98_240.jpg,0.0,98
image_61_100.jpg,2.232582703232765,61
image_14_240.jpg,7.998520240187645,14
image_109_60.jpg,0.0,109
image_12_320.jpg,10.270073115825653,12
image_21_0.jpg,3.11712646484375,21
image_27_340.jpg,0.9541158080101013,27
image_47_300.jpg,15.970073997974396,47
image_100_280.jpg,2.092948615550995,100
image_47_60.jpg,3.921337753534317,47
image_110_40.jpg,0.5849155783653259,110
image_38_320.jpg,2.170185849070549,38
image_74_260.jpg,2.4268667697906494,74
image_108_0.jpg,0.0,108
image_23_300.jpg,15.577559977769852,23
image_78_200.jpg,0.23971672356128693,78
image_30_340.jpg,3.985748916864395,30
image_91_200.jpg,1.195287972688675,91
image_57_300.jpg,6.404751867055893,57
image_109_340.jpg,0.0,109
image_29_0.jpg,0.0,29
image_53_140.jpg,16.05099269747734,53
image_14_120.jpg,6.002961844205856,14
image_114_160.jpg,0.0,114
image_23_320.jpg,15.576418787240982,23
image_100_40.jpg,0.0,100
image_96_220.jpg,0.5272074937820435,96
image_69_240.jpg,7.125136345624924,69
image_32_40.jpg,0.0,32
image_16_320.jpg,0.3188462257385254,16
image_16_20.jpg,0.28309366106987,16
image_46_60.jpg,0.6277475357055664,46
image_87_20.jpg,2.477150559425354,87
image_30_180.jpg,5.0406815856695175,30
image_94_160.jpg,6.447898879647255,94
image_12_120.jpg,9.170133769512177,12
image_92_260.jpg,9.619291186332703,92
image_24_260.jpg,0.0,24
image_16_160.jpg,2.3526521027088165,16
image_7_180.jpg,1.8993944078683853,7
image_4_120.jpg,0.5491627603769302,4
image_99_0.jpg,0.0,99
image_15_20.jpg,5.117623895406723,15
image_112_80.jpg,0.22553157806396484,112
image_45_100.jpg,0.0,45
image_114_40.jpg,0.0,114
image_98_300.jpg,0.0,98
image_29_140.jpg,0.0,29
image_21_80.jpg,0.4422668516635895,21
image_50_160.jpg,2.9816055595874786,50
image_38_220.jpg,0.0,38
image_72_200.jpg,4.101810455322266,72
image_5_0.jpg,1.5520650446414948,5
image_87_220.jpg,0.0,87
image_60_20.jpg,15.223117023706436,60
image_53_100.jpg,0.0,53
image_35_100.jpg,0.0,35
image_68_100.jpg,13.581902801990509,68
image_26_160.jpg,13.34298987686634,26
image_18_160.jpg,4.490114748477936,18
image_109_20.jpg,0.0,109
image_31_40.jpg,2.2066783010959625,31
image_40_60.jpg,4.990195989608765,40
image_107_100.jpg,0.0,107
image_89_280.jpg,5.866297781467438,89
image_33_140.jpg,0.0,33
image_85_40.jpg,0.9752826690673828,85
image_17_100.jpg,1.6621829271316528,17
image_10_320.jpg,1.1431353092193604,10
image_71_240.jpg,1.0572373867034912,71
image_61_260.jpg,5.32276064157486,61
image_45_20.jpg,8.717103213071823,45
image_55_120.jpg,7.204018622636795,55
image_35_120.jpg,0.0,35
image_49_80.jpg,0.9976819753646851,49
image_1_100.jpg,4.945410370826721,1
image_59_160.jpg,0.0,59
image_20_180.jpg,0.0,20
image_70_160.jpg,0.27497637271881104,70
image_47_100.jpg,3.6558161675930023,47
image_107_240.jpg,0.0,107
image_71_160.jpg,13.866313964128494,71
image_11_280.jpg,4.682757705450058,11
image_33_120.jpg,0.0,33
image_83_100.jpg,0.0,83
image_3_120.jpg,3.6364273875951767,3
image_59_120.jpg,5.219226568937302,59
image_54_100.jpg,5.585550472140312,54
image_80_180.jpg,4.462117791175842,80
image_4_200.jpg,0.3876616060733795,4
image_106_20.jpg,0.0,106
image_77_340.jpg,0.0,77
image_54_120.jpg,5.483765959739685,54
image_81_240.jpg,3.155156373977661,81
image_64_80.jpg,1.4943304359912872,64
image_72_20.jpg,0.9973541498184204,72
image_64_140.jpg,4.515183985233307,64
image_82_120.jpg,17.209133088588715,82
image_87_120.jpg,0.8138463497161865,87
image_26_220.jpg,7.909867346286774,26
image_42_0.jpg,11.044078454375267,42
image_66_300.jpg,0.999151349067688,66
image_82_240.jpg,1.951426386833191,82
image_25_0.jpg,0.0,25
image_58_260.jpg,2.9686205983161926,58
image_114_300.jpg,0.0,114
image_104_180.jpg,0.0,104
image_72_120.jpg,5.604393750429153,72
image_98_100.jpg,0.0,98
image_59_300.jpg,13.188820138573647,59
image_42_260.jpg,0.9562323093414307,42
image_106_240.jpg,2.214747667312622,106
image_48_300.jpg,8.14030185341835,48
image_45_320.jpg,5.8601930141448975,45
image_61_320.jpg,1.6589589715003967,61
image_89_160.jpg,5.264741525053978,89
image_40_0.jpg,3.795618027448654,40
image_102_160.jpg,0.0,102
image_30_320.jpg,2.7221603095531464,30
image_56_60.jpg,0.39149847626686096,56
image_74_20.jpg,1.633890300989151,74
image_49_100.jpg,2.074940711259842,49
image_102_20.jpg,1.5317507982254028,102
image_75_160.jpg,7.503120079636574,75
image_17_340.jpg,0.8604810833930969,17
image_112_60.jpg,2.175485134124756,112
image_97_240.jpg,7.021975338459015,97
image_12_300.jpg,3.4731461107730865,12
image_81_40.jpg,0.0,81
image_112_300.jpg,0.0,112
image_49_280.jpg,0.0,49
image_17_160.jpg,0.0,17
image_66_0.jpg,8.205880925059319,66
image_51_300.jpg,0.0,51
image_73_240.jpg,2.6323960572481155,73
image_61_180.jpg,1.8370146751403809,61
image_2_140.jpg,0.0,2
image_92_140.jpg,10.810605108737946,92
image_96_320.jpg,0.0,96
image_36_120.jpg,8.509629726409912,36
image_2_120.jpg,4.585392236709595,2
image_68_280.jpg,22.505796372890472,68
image_39_140.jpg,0.0,39
image_81_320.jpg,0.0,81
image_55_340.jpg,4.935510337352753,55
image_90_120.jpg,0.21792636811733246,90
image_21_280.jpg,1.5779326558113098,21
image_8_100.jpg,4.625673606991768,8
image_64_260.jpg,0.0,64
image_81_260.jpg,3.887795105576515,81
image_84_20.jpg,0.0,84
image_75_180.jpg,4.483741462230682,75
image_62_280.jpg,5.346432834863663,62
image_76_240.jpg,0.0,76
image_48_240.jpg,0.9990192651748657,48
image_2_320.jpg,0.0,2
image_24_200.jpg,5.283665642142296,24
image_59_340.jpg,7.217963397502899,59
image_95_160.jpg,0.0,95
image_45_140.jpg,8.658030226826668,45
image_84_120.jpg,8.44724291563034,84
image_12_100.jpg,9.118953883647919,12
image_96_160.jpg,0.0,96
image_52_0.jpg,0.0,52
image_11_120.jpg,10.268121272325516,11
image_84_220.jpg,1.9374693036079407,84
image_53_160.jpg,15.207207351922989,53
image_86_280.jpg,1.818110466003418,86
image_48_20.jpg,3.05619053542614,48
image_108_260.jpg,0.9328275918960571,108
image_24_60.jpg,0.22903865575790405,24
image_77_160.jpg,1.8323756456375122,77
image_70_260.jpg,0.31754016876220703,70
image_14_60.jpg,13.89893302321434,14
image_103_100.jpg,0.0,103
image_102_320.jpg,0.0,102
image_75_240.jpg,0.999622106552124,75
image_13_320.jpg,0.0,13
image_3_160.jpg,11.98644083738327,3
image_72_160.jpg,11.726786196231842,72
image_79_260.jpg,5.661569848656654,79
image_111_80.jpg,0.0,111
image_82_100.jpg,5.609655141830444,82
image_69_80.jpg,1.4283220320940018,69
image_39_160.jpg,0.3641299903392792,39
image_36_40.jpg,4.561709314584732,36
image_31_20.jpg,0.0,31
image_78_340.jpg,0.0,78
image_81_60.jpg,0.0,81
image_39_220.jpg,5.760383263230324,39
image_28_340.jpg,1.093508020043373,28
image_36_180.jpg,13.644513189792633,36
image_34_200.jpg,8.303495451807976,34
image_108_120.jpg,0.0,108
image_113_220.jpg,0.5016619563102722,113
image_73_260.jpg,2.613587498664856,73
image_56_240.jpg,0.0,56
image_52_180.jpg,0.970932126045227,52
image_28_120.jpg,4.832019239664078,28
image_36_260.jpg,1.7469604015350342,36
image_110_220.jpg,0.0,110
image_13_340.jpg,0.0,13
image_7_60.jpg,7.435282111167908,7
image_71_200.jpg,0.5496758073568344,71
image_24_340.jpg,2.735579878091812,24
image_49_40.jpg,10.071648687124252,49
image_73_340.jpg,4.596333667635918,73
image_26_200.jpg,26.405437380075455,26
image_89_60.jpg,0.95779949426651,89
image_38_100.jpg,4.249186843633652,38
image_77_280.jpg,0.4038340449333191,77
image_24_0.jpg,13.525188595056534,24
image_109_240.jpg,0.0,109
image_100_160.jpg,0.9998096823692322,100
image_4_160.jpg,0.7222619652748108,4
image_65_80.jpg,11.52226722240448,65
image_44_80.jpg,2.9753303229808807,44
image_82_320.jpg,8.83018285036087,82
image_31_260.jpg,9.753944650292397,31
image_61_240.jpg,4.771377861499786,61
image_20_220.jpg,0.0,20
image_5_20.jpg,2.2344449162483215,5
image_23_60.jpg,5.307415992021561,23
image_69_320.jpg,0.0,69
image_67_280.jpg,2.7739623188972473,67
image_81_220.jpg,4.232610106468201,81
image_59_260.jpg,10.386619627475739,59
image_88_280.jpg,0.9928151369094849,88
image_97_340.jpg,0.0,97
image_99_100.jpg,1.4462313055992126,99
image_57_220.jpg,7.3716118931770325,57
image_12_340.jpg,5.180964291095734,12
image_111_200.jpg,0.0,111
image_11_340.jpg,0.35532793402671814,11
image_10_240.jpg,6.552277907729149,10
image_47_20.jpg,7.636933743953705,47
image_97_200.jpg,0.0,97
image_28_200.jpg,1.9578362703323364,28
image_70_80.jpg,0.27548274397850037,70
image_40_140.jpg,5.115332171320915,40
image_21_140.jpg,15.818772584199905,21
image_67_220.jpg,28.229554876685143,67
image_39_240.jpg,6.605637073516846,39
image_108_60.jpg,0.5775778740644455,108
image_73_100.jpg,0.0,73
image_38_80.jpg,3.9614402651786804,38
image_33_100.jpg,1.4707935452461243,33
image_29_180.jpg,0.0,29
image_97_300.jpg,0.0,97
image_55_160.jpg,0.26761963963508606,55
image_2_160.jpg,0.0,2
image_68_160.jpg,1.1939815431833267,68
image_74_240.jpg,0.8596622049808502,74
image_45_60.jpg,8.761762917041779,45
image_17_220.jpg,2.999356687068939,17
image_10_180.jpg,1.6521255373954773,10
image_31_100.jpg,0.9285160899162292,31
image_29_320.jpg,0.0,29
image_87_280.jpg,2.333457261323929,87
image_106_160.jpg,0.9653520584106445,106
image_83_20.jpg,0.0,83
image_69_180.jpg,13.33929918706417,69
image_79_140.jpg,2.185361534357071,79
image_33_260.jpg,0.0,33
image_69_140.jpg,1.5811978578567505,69
image_62_300.jpg,5.118409812450409,62
image_53_120.jpg,0.0,53
image_98_280.jpg,0.0,98
image_31_0.jpg,0.0,31
image_108_180.jpg,0.3814032971858978,108
image_72_260.jpg,7.765610337257385,72
image_54_60.jpg,6.18160942196846,54
image_29_300.jpg,0.7521092891693115,29
image_1_200.jpg,6.147073522210121,1
image_24_140.jpg,4.377722531557083,24
image_42_140.jpg,13.54127325117588,42
image_89_20.jpg,1.2671854496002197,89
image_58_140.jpg,8.218574956059456,58
image_19_20.jpg,0.20033736526966095,19
image_81_120.jpg,0.9993719458580017,81
image_90_260.jpg,0.0,90
image_50_140.jpg,0.0,50
image_26_60.jpg,2.506203830242157,26
image_5_100.jpg,10.52578142285347,5
image_55_140.jpg,2.963913679122925,55
image_88_340.jpg,3.5665663480758667,88
image_64_40.jpg,8.573373049497604,64
image_79_120.jpg,4.522132009267807,79
image_11_60.jpg,5.899398311972618,11
image_9_100.jpg,2.8506925106048584,9
image_88_240.jpg,0.22311848402023315,88
image_1_160.jpg,1.6089051365852356,1
image_95_260.jpg,1.274242639541626,95
image_108_140.jpg,0.0,108
image_70_100.jpg,0.588797852396965,70
image_44_200.jpg,13.867535158991814,44
image_24_220.jpg,5.814862444996834,24
image_48_220.jpg,0.0,48
image_106_80.jpg,0.0,106
image_106_320.jpg,0.0,106
image_40_40.jpg,2.9896669387817383,40
image_38_240.jpg,0.0,38
image_58_20.jpg,23.914375454187393,58
image_20_240.jpg,0.0,20
image_87_340.jpg,0.0,87
image_7_20.jpg,6.123082995414734,7
image_104_100.jpg,2.277940332889557,104
image_36_100.jpg,13.084476828575134,36
image_77_200.jpg,1.1843089163303375,77
image_18_20.jpg,10.057846248149872,18
image_97_100.jpg,1.4022496044635773,97
image_20_80.jpg,0.6044054627418518,20
image_42_200.jpg,4.473238304257393,42
image_33_160.jpg,0.0,33
image_72_280.jpg,3.7763934284448624,72
image_2_260.jpg,0.0,2
image_107_160.jpg,0.0,107
image_39_20.jpg,9.403952896595001,39
image_23_260.jpg,6.464367985725403,23
image_48_280.jpg,1.8711959421634674,48
image_108_100.jpg,0.0,108
image_98_20.jpg,0.0,98
image_82_280.jpg,3.579772189259529,82
image_28_40.jpg,0.9970097541809082,28
image_77_300.jpg,0.0,77
image_90_180.jpg,0.0,90
image_109_0.jpg,0.0,109
image_68_140.jpg,2.2078867852687836,68
image_21_240.jpg,0.0,21
image_64_340.jpg,0.0,64
image_2_300.jpg,0.0,2
image_113_200.jpg,0.0,113
image_25_180.jpg,0.0,25
image_60_140.jpg,2.6729459911584854,60
image_25_20.jpg,0.23943521082401276,25
image_63_100.jpg,8.593039482831955,63
image_76_160.jpg,1.5599676221609116,76
image_97_320.jpg,1.0317326039075851,97
image_98_320.jpg,0.0,98
image_32_280.jpg,8.180575370788574,32
image_42_220.jpg,1.2160189896821976,42
image_19_0.jpg,0.2551937699317932,19
image_18_320.jpg,0.0,18
image_83_320.jpg,0.0,83
image_75_320.jpg,1.3207977414131165,75
image_110_100.jpg,0.0,110
image_12_80.jpg,6.053127124905586,12
image_65_200.jpg,12.305875301361084,65
image_5_40.jpg,0.0,5
image_110_280.jpg,0.0,110
image_49_160.jpg,5.149838805198669,49
image_57_240.jpg,6.402122735977173,57
image_41_260.jpg,5.450649559497833,41
image_74_40.jpg,0.7634114623069763,74
image_96_340.jpg,0.0,96
image_103_180.jpg,0.22682739794254303,103
image_35_320.jpg,0.0,35
image_13_100.jpg,10.16913489997387,13
image_25_300.jpg,0.0,25
image_33_280.jpg,0.0,33
image_25_280.jpg,1.3473296761512756,25
image_31_180.jpg,0.9965722560882568,31
image_50_200.jpg,6.915872573852539,50
image_44_320.jpg,9.505966767668724,44
image_79_40.jpg,0.9831987023353577,79
image_33_80.jpg,0.0,33
image_103_200.jpg,2.042559266090393,103
image_39_340.jpg,7.517044574022293,39
image_35_20.jpg,10.60035389661789,35
image_67_0.jpg,4.368935823440552,67
image_80_120.jpg,13.11357219517231,80
image_26_280.jpg,2.32050758600235,26
image_3_320.jpg,8.37276877462864,3
image_57_260.jpg,12.74015560746193,57
image_32_160.jpg,3.961949408054352,32
image_104_220.jpg,0.0,104
image_70_280.jpg,0.2526772916316986,70
image_79_60.jpg,8.80655387043953,79
image_110_320.jpg,0.0,110
image_4_240.jpg,0.0,4
image_56_280.jpg,21.480016574263573,56
image_97_160.jpg,0.9990146160125732,97
image_64_220.jpg,11.469418108463287,64
image_111_0.jpg,3.933342605829239,111
image_64_100.jpg,0.0,64
image_111_140.jpg,0.0,111
image_99_320.jpg,1.1728476583957672,99
image_8_340.jpg,9.043603718280792,8
image_51_160.jpg,5.645917236804962,51
image_43_300.jpg,15.203958824276924,43
image_90_40.jpg,0.0,90
image_111_220.jpg,0.0,111
image_74_180.jpg,0.9590053558349609,74
image_91_0.jpg,2.985506594181061,91
image_57_0.jpg,4.297433763742447,57
image_42_180.jpg,8.848120748996735,42
image_15_200.jpg,2.9909034073352814,15
image_35_340.jpg,12.348821744322777,35
image_3_340.jpg,7.8744922280311584,3
image_55_220.jpg,0.0,55
image_102_340.jpg,0.45034536719322205,102
image_46_280.jpg,4.003135859966278,46
image_95_220.jpg,0.0,95
image_77_180.jpg,3.6045743227005005,77
image_16_40.jpg,0.275454580783844,16
image_44_300.jpg,4.620734348893166,44
image_58_80.jpg,20.03547176718712,58
image_9_260.jpg,0.0,9
image_84_260.jpg,0.0,84
image_104_280.jpg,0.0,104
image_21_20.jpg,3.135107710957527,21
image_71_40.jpg,4.08835332095623,71
image_41_160.jpg,9.307866126298904,41
image_41_280.jpg,13.06659223139286,41
image_101_300.jpg,1.92796790599823,101
image_48_200.jpg,1.9941835403442383,48
image_75_280.jpg,1.9890848994255066,75
image_34_140.jpg,1.264459639787674,34
image_88_160.jpg,5.742219865322113,88
image_18_0.jpg,14.819809913635254,18
image_6_260.jpg,0.987111508846283,6
image_32_60.jpg,0.0,32
image_36_320.jpg,8.316630855202675,36
image_90_240.jpg,0.0,90
image_47_320.jpg,8.462726265192032,47
image_18_80.jpg,0.20698826014995575,18
image_85_240.jpg,2.2281977832317352,85
image_113_260.jpg,0.0,113
image_21_120.jpg,2.939995765686035,21
image_39_120.jpg,0.9956334233283997,39
image_52_160.jpg,0.9995229244232178,52
image_104_120.jpg,6.50091016292572,104
image_99_220.jpg,0.0,99
image_111_160.jpg,0.3710046708583832,111
image_10_100.jpg,0.0,10
image_19_100.jpg,1.158241480588913,19
image_92_20.jpg,2.114333927631378,92
image_62_340.jpg,11.47129811346531,62
image_54_300.jpg,5.789628446102142,54
image_51_260.jpg,3.7332863807678223,51
image_67_120.jpg,0.0,67
image_15_220.jpg,4.584964454174042,15
image_62_100.jpg,3.5667394399642944,62
image_43_320.jpg,3.41770738363266,43
image_104_260.jpg,0.0,104
image_11_140.jpg,8.734025418758392,11
image_21_180.jpg,7.818676769733429,21
image_92_60.jpg,13.9433154463768,92
image_79_220.jpg,2.2281932532787323,79
image_35_80.jpg,0.0,35
image_7_140.jpg,9.486158862709999,7
image_77_60.jpg,4.293997496366501,77
image_31_280.jpg,0.5158299207687378,31
image_17_0.jpg,0.0,17
image_55_300.jpg,9.425366818904877,55
image_5_120.jpg,5.0529705286026,5
image_24_100.jpg,2.9039121866226196,24
image_74_280.jpg,9.585736393928528,74
image_106_260.jpg,0.0,106
image_67_340.jpg,6.298098459839821,67
image_23_180.jpg,0.0,23
image_68_0.jpg,13.148891016840935,68
image_56_0.jpg,0.34347963333129883,56
image_20_100.jpg,0.55157071352005,20
image_66_240.jpg,1.8001862466335297,66
image_13_120.jpg,3.791435182094574,13
image_3_300.jpg,17.049267202615738,3
image_43_140.jpg,4.069297045469284,43
image_24_80.jpg,1.9988543391227722,24
image_60_200.jpg,7.277594208717346,60
image_13_300.jpg,3.6876272410154343,13
image_106_340.jpg,0.0,106
image_7_320.jpg,4.2655541598796844,7
image_32_80.jpg,0.0,32
image_69_20.jpg,11.443931579589844,69
image_112_0.jpg,0.0,112
image_3_200.jpg,9.969220221042633,3
image_97_0.jpg,0.0,97
image_20_280.jpg,3.1325431168079376,20
image_100_100.jpg,0.997317373752594,100
image_94_0.jpg,3.1986579596996307,94
image_58_200.jpg,2.3597822934389114,58
image_49_20.jpg,7.201658219099045,49
image_79_240.jpg,10.805808737874031,79
image_79_320.jpg,1.919017180800438,79
image_50_180.jpg,3.7084036469459534,50
image_60_320.jpg,12.796344429254532,60
image_110_160.jpg,0.0,110
image_39_280.jpg,2.2940375208854675,39
image_7_200.jpg,2.2026205360889435,7
image_113_0.jpg,0.0,113
image_36_160.jpg,3.36011403799057,36
image_63_300.jpg,1.848612755537033,63
image_3_220.jpg,6.904341995716095,3
image_34_120.jpg,5.288756191730499,34
image_55_0.jpg,0.5951469540596008,55
image_18_340.jpg,0.9839508533477783,18
image_90_140.jpg,0.0,90
image_48_320.jpg,15.602638140320778,48
image_30_100.jpg,9.033892810344696,30
image_100_80.jpg,0.0,100
image_55_240.jpg,0.9915084838867188,55
image_64_320.jpg,0.0,64
image_40_340.jpg,1.4861498475074768,40
image_94_80.jpg,0.9971511960029602,94
image_33_240.jpg,1.844399482011795,33
image_86_80.jpg,2.760855883359909,86
image_66_320.jpg,0.0,66
image_35_0.jpg,10.114310443401337,35
image_21_320.jpg,9.679713368415833,21
image_1_320.jpg,0.36174488067626953,1
image_67_240.jpg,7.229171395301819,67
image_2_280.jpg,0.6749237924814224,2
image_85_0.jpg,2.1959262043237686,85
image_104_80.jpg,0.0,104
image_35_40.jpg,2.3598344326019287,35
image_68_120.jpg,1.2115162909030914,68
image_20_40.jpg,5.862436190247536,20
image_11_40.jpg,8.74007773399353,11
image_76_40.jpg,0.0,76
image_53_300.jpg,4.45191764831543,53
image_94_120.jpg,1.868905246257782,94
image_25_220.jpg,0.0,25
image_35_240.jpg,0.9996614456176758,35
image_9_20.jpg,16.69815920293331,9
image_13_40.jpg,0.98746258020401,13
image_65_160.jpg,5.624016121029854,65
image_114_200.jpg,0.0,114
image_76_20.jpg,0.0,76
image_67_100.jpg,0.0,67
image_109_160.jpg,0.0,109
image_90_80.jpg,0.0,90
image_27_20.jpg,0.0,27
image_48_40.jpg,1.161635473370552,48
image_114_320.jpg,0.0,114
image_60_340.jpg,7.360021531581879,60
image_24_20.jpg,9.67858225107193,24
image_86_260.jpg,4.90000057220459,86
image_71_20.jpg,11.406249344348907,71
image_6_240.jpg,0.0,6
image_83_160.jpg,0.840420126914978,83
image_111_240.jpg,0.0,111
image_77_120.jpg,3.9080130457878113,77
image_25_320.jpg,0.5428529381752014,25
image_37_220.jpg,1.877816617488861,37
image_59_80.jpg,5.537322640419006,59
image_66_40.jpg,12.118499770760536,66
image_4_20.jpg,0.0,4
image_74_120.jpg,7.619435712695122,74
image_66_260.jpg,0.27879008650779724,66
image_3_280.jpg,12.596516713500023,3
image_59_200.jpg,0.0,59
image_64_20.jpg,11.644907474517822,64
image_54_220.jpg,11.12767805159092,54
image_1_300.jpg,0.4957216680049896,1
image_97_120.jpg,5.363160192966461,97
image_61_120.jpg,7.0748817920684814,61
image_72_320.jpg,0.0,72
image_16_200.jpg,3.9388844072818756,16
image_112_340.jpg,0.0,112
image_24_160.jpg,8.81847769021988,24
image_89_40.jpg,1.9880204796791077,89
image_26_0.jpg,8.749907299876213,26
image_67_60.jpg,7.203030630946159,67
image_105_200.jpg,0.0,105
image_29_60.jpg,0.5614335536956787,29
image_9_320.jpg,3.4068089723587036,9
image_96_280.jpg,0.0,96
image_79_180.jpg,3.073456332087517,79
image_95_80.jpg,0.3221092224121094,95
image_9_280.jpg,5.183725714683533,9
image_105_0.jpg,0.0,105
image_83_180.jpg,2.1910452842712402,83
image_72_100.jpg,5.16817843914032,72
image_100_120.jpg,1.0643135607242584,100
image_94_140.jpg,0.9938989877700806,94
image_61_80.jpg,0.0,61
image_83_40.jpg,0.0,83
image_11_240.jpg,8.690788999199867,11
image_65_40.jpg,27.964954361319542,65
image_66_160.jpg,5.5309653878211975,66
image_10_80.jpg,0.0,10
image_78_300.jpg,0.0,78
image_44_0.jpg,20.415379121899605,44
image_97_80.jpg,0.0,97
image_81_160.jpg,0.0,81
image_93_140.jpg,0.5531951785087585,93
image_32_220.jpg,0.9986057877540588,32
image_114_120.jpg,0.0,114
image_65_180.jpg,14.562531769275665,65
image_93_20.jpg,2.9457786977291107,93
image_16_340.jpg,0.9512447714805603,16
image_102_80.jpg,1.4703833758831024,102
image_57_100.jpg,13.1726184040308,57
image_113_280.jpg,0.0,113
image_45_200.jpg,19.177001982927322,45
image_69_220.jpg,15.38937595486641,69
image_73_20.jpg,3.913210541009903,73
image_95_240.jpg,0.5541548132896423,95
image_89_300.jpg,1.6086794435977936,89
image_30_240.jpg,1.2667629420757294,30
image_34_260.jpg,7.911177173256874,34
image_41_40.jpg,8.451072871685028,41
image_107_180.jpg,1.606824815273285,107
image_29_80.jpg,5.00061172246933,29
image_89_140.jpg,11.600671261548996,89
image_3_60.jpg,3.7149409353733063,3
image_46_260.jpg,1.9955728650093079,46
image_50_340.jpg,0.0,50
image_100_300.jpg,7.072364926338196,100
image_49_60.jpg,4.837659537792206,49
image_40_80.jpg,7.685751244425774,40
image_92_320.jpg,4.3636933118104935,92
image_6_300.jpg,0.0,6
image_56_80.jpg,14.092737585306168,56
image_82_200.jpg,12.537146434187889,82
image_52_260.jpg,0.0,52
image_109_300.jpg,0.0,109
image_6_20.jpg,2.9632633179426193,6
image_59_280.jpg,18.37137869000435,59
image_86_160.jpg,0.0,86
image_91_180.jpg,0.33151257038116455,91
image_92_200.jpg,2.3553768396377563,92
image_74_220.jpg,0.5875347554683685,74
image_74_60.jpg,0.0,74
image_17_280.jpg,0.0,17
image_15_80.jpg,2.000968411564827,15
image_113_140.jpg,0.2475302368402481,113
image_3_0.jpg,3.1700744032859802,3
image_92_100.jpg,19.677461966872215,92
image_20_20.jpg,5.412163093686104,20
image_86_340.jpg,0.9991486072540283,86
image_55_20.jpg,1.3386317193508148,55
image_36_140.jpg,4.385094940662384,36
image_60_60.jpg,9.166798397898674,60
image_15_280.jpg,9.065779134631157,15
image_73_200.jpg,5.8386799693107605,73
image_106_280.jpg,0.0,106
image_42_240.jpg,2.8267212510108948,42
image_88_320.jpg,1.417031154036522,88
image_26_100.jpg,0.6042329519987106,26
image_104_200.jpg,0.0,104
image_92_180.jpg,5.340822011232376,92
image_111_340.jpg,0.0,111
image_72_300.jpg,0.0,72
image_51_120.jpg,1.5550960898399353,51
image_84_160.jpg,2.1951309740543365,84
image_106_180.jpg,0.0,106
image_54_280.jpg,4.962782636284828,54
image_54_160.jpg,15.827873587608337,54
image_5_340.jpg,3.5375105142593384,5
image_70_240.jpg,0.0,70
image_50_300.jpg,0.0,50
image_4_40.jpg,1.993112564086914,4
image_74_140.jpg,8.283073455095291,74
image_70_300.jpg,0.5046802163124084,70
image_54_0.jpg,2.7011775076389313,54
image_98_0.jpg,0.39128726720809937,98
image_53_20.jpg,0.0,53
image_96_140.jpg,0.6185389757156372,96
image_9_40.jpg,12.249862164258957,9
image_62_320.jpg,2.9964476823806763,62
image_53_320.jpg,8.037316679954529,53
image_85_220.jpg,0.0,85
image_91_340.jpg,0.0,91
image_107_320.jpg,0.0,107
image_83_60.jpg,0.0,83
image_62_60.jpg,8.195244818925858,62
image_103_340.jpg,0.0,103
image_25_120.jpg,2.3821404576301575,25
image_73_140.jpg,3.5252309292554855,73
image_65_300.jpg,11.97628602385521,65
image_75_300.jpg,0.21611899137496948,75
image_15_160.jpg,4.160359933972359,15
image_15_100.jpg,7.558290958404541,15
image_4_0.jpg,0.50725919008255,4
image_64_280.jpg,0.0,64
image_17_240.jpg,0.5193275809288025,17
image_96_40.jpg,0.0,96
image_107_120.jpg,0.8021855354309082,107
image_104_20.jpg,0.7342954576015472,104
image_32_340.jpg,1.823812574148178,32
image_45_160.jpg,7.9637759774923325,45
image_82_40.jpg,3.189140349626541,82
image_12_40.jpg,2.840952157974243,12
image_92_80.jpg,17.138857021927834,92
image_12_20.jpg,3.06091770529747,12
image_56_40.jpg,1.024245411157608,56
image_94_320.jpg,8.261397883296013,94
image_8_120.jpg,3.6813931316137314,8
image_113_340.jpg,0.2060035616159439,113
image_87_200.jpg,1.2071123719215393,87
image_96_20.jpg,0.0,96
image_111_100.jpg,0.0,111
image_76_220.jpg,0.0,76
image_102_300.jpg,0.0,102
image_75_40.jpg,0.0,75
image_109_80.jpg,1.8131373971700668,109
image_14_200.jpg,16.032090604305267,14
image_19_160.jpg,0.2742530107498169,19
image_89_100.jpg,0.5589778870344162,89
image_50_220.jpg,0.6478334367275238,50
image_78_80.jpg,0.0,78
image_16_60.jpg,0.4298129081726074,16
image_36_80.jpg,11.506616830825806,36
image_52_80.jpg,2.809507369995117,52
image_36_0.jpg,15.656773284077644,36
image_5_80.jpg,4.5505891144275665,5
image_51_320.jpg,0.0,51
image_25_240.jpg,2.4541538059711456,25
image_109_280.jpg,1.7947371006011963,109
image_23_40.jpg,4.138927906751633,23
image_39_80.jpg,2.1326342821121216,39
image_11_300.jpg,1.5928504467010498,11
image_91_80.jpg,8.039235547184944,91
image_30_160.jpg,0.0,30
image_77_220.jpg,2.2464478611946106,77
image_23_220.jpg,1.3502008020877838,23
image_55_80.jpg,0.0,55
image_66_280.jpg,2.5459197759628296,66
image_111_20.jpg,2.274349182844162,111
image_43_40.jpg,2.500861346721649,43
image_92_40.jpg,7.974883794784546,92
image_98_40.jpg,0.0,98
image_28_0.jpg,1.2909534573554993,28
image_58_220.jpg,0.22661353647708893,58
image_16_140.jpg,0.0,16
image_101_260.jpg,3.40758615732193,101
image_9_0.jpg,4.4918649941682816,9
image_96_200.jpg,0.0,96
image_114_140.jpg,0.0,114
image_98_140.jpg,0.22381098568439484,98
image_57_280.jpg,22.915669471025467,57
image_107_20.jpg,0.9596840739250183,107
image_60_100.jpg,4.183497250080109,60
image_110_60.jpg,0.0,110
image_4_260.jpg,1.854908138513565,4
image_55_60.jpg,0.9890763759613037,55
image_100_60.jpg,0.0,100
image_37_200.jpg,5.689979135990143,37
image_31_240.jpg,11.3777224868536,31
image_86_120.jpg,1.6450343132019043,86
image_91_140.jpg,1.2885656952857971,91
image_20_300.jpg,3.1532862037420273,20
image_73_300.jpg,4.53843580186367,73
image_72_240.jpg,8.12068821489811,72
image_85_200.jpg,0.0,85
image_50_240.jpg,0.7802724242210388,50
image_37_100.jpg,10.231690868735313,37
image_25_140.jpg,0.0,25
image_85_280.jpg,6.646416813135147,85
image_75_340.jpg,7.220042452216148,75
image_20_260.jpg,0.8411543965339661,20
image_111_320.jpg,0.0,111
image_67_180.jpg,4.6964143216609955,67
image_97_60.jpg,0.0,97
image_70_220.jpg,0.0,70
image_87_240.jpg,0.0,87
image_72_80.jpg,8.339853152632713,72
image_83_80.jpg,0.48697859048843384,83
image_37_60.jpg,11.275246575474739,37
image_76_320.jpg,1.7129067182540894,76
image_83_0.jpg,0.0,83
image_104_40.jpg,0.8549628257751465,104
image_63_340.jpg,7.219496428966522,63
image_36_240.jpg,11.32341930270195,36
image_18_300.jpg,1.331031620502472,18
image_53_0.jpg,0.0,53
image_91_40.jpg,6.138592749834061,91
image_103_320.jpg,0.5268871188163757,103
image_37_320.jpg,2.8854864835739136,37
image_75_60.jpg,0.0,75
image_25_60.jpg,2.1530135720968246,25
image_61_0.jpg,4.2463617622852325,61
image_11_20.jpg,3.623803421854973,11
image_33_40.jpg,0.0,33
image_14_220.jpg,21.203417167067528,14
image_16_120.jpg,0.0,16
image_49_320.jpg,0.0,49
image_38_20.jpg,0.22334659099578857,38
image_3_140.jpg,17.564872324466705,3
image_68_80.jpg,13.304406389594078,68
image_65_60.jpg,18.07339784502983,65
image_50_20.jpg,7.836125388741493,50
image_49_220.jpg,6.1497466415166855,49
image_73_120.jpg,0.0,73
image_44_40.jpg,12.823304638266563,44
image_87_60.jpg,1.780958503484726,87
image_19_280.jpg,5.832176059484482,19
image_38_280.jpg,1.918888658285141,38
image_27_220.jpg,4.345526903867722,27
image_34_180.jpg,8.202453702688217,34
image_72_0.jpg,0.0,72
image_8_80.jpg,6.631959155201912,8
image_86_40.jpg,0.0,86
image_82_20.jpg,0.0,82
image_58_340.jpg,1.8669530749320984,58
image_30_220.jpg,1.9894385933876038,30
image_107_260.jpg,0.9894179701805115,107
image_61_160.jpg,0.0,61
image_85_80.jpg,1.907321572303772,85
image_12_60.jpg,3.801889181137085,12
image_88_260.jpg,0.0,88
image_12_140.jpg,0.0,12
image_39_60.jpg,4.123368918895721,39
image_27_140.jpg,2.475722461938858,27
image_47_240.jpg,9.203653812408447,47
image_24_40.jpg,0.0,24
image_22_140.jpg,2.6389109194278717,22
image_100_240.jpg,0.0,100
image_94_300.jpg,6.835981220006943,94
image_62_140.jpg,6.373353570699692,62
image_107_220.jpg,0.0,107
image_61_140.jpg,0.0,61
image_107_60.jpg,0.7732754945755005,107
image_72_340.jpg,0.0,72
image_27_100.jpg,9.877810701727867,27
image_7_240.jpg,1.9638665616512299,7
image_34_220.jpg,4.978558599948883,34
image_45_0.jpg,20.188577383756638,45
image_35_140.jpg,0.0,35
image_31_140.jpg,3.0085074603557587,31
image_64_60.jpg,5.554760664701462,64
image_14_300.jpg,0.0,14
image_101_20.jpg,2.7293673753738403,101
image_14_340.jpg,5.694918006658554,14
image_32_240.jpg,1.5707354545593262,32
image_26_300.jpg,0.2946249544620514,26
image_75_120.jpg,1.3938848972320557,75
image_28_320.jpg,3.8694142401218414,28
image_91_260.jpg,1.7253280878067017,91
image_31_160.jpg,5.1700788885355,31
image_109_180.jpg,0.0,109
image_102_140.jpg,0.0,102
image_12_200.jpg,3.4906261563301086,12
image_27_160.jpg,6.39230677485466,27
image_47_160.jpg,7.420569658279419,47
image_22_100.jpg,3.307963579893112,22
image_3_80.jpg,11.731161832809448,3
image_91_280.jpg,0.7880351692438126,91
image_62_20.jpg,17.86880387365818,62
image_74_0.jpg,0.3079697787761688,74
image_93_200.jpg,0.952256977558136,93
image_75_220.jpg,0.0,75
image_28_280.jpg,6.9705077558755875,28
image_46_240.jpg,1.9930356740951538,46
image_19_140.jpg,0.0,19
image_50_80.jpg,2.1218632459640503,50
image_12_240.jpg,4.122284799814224,12
image_37_240.jpg,4.053473114967346,37
image_19_60.jpg,0.7607890367507935,19
image_80_80.jpg,18.012109875679016,80
image_76_80.jpg,0.0,76
image_33_220.jpg,3.4007071554660797,33
image_17_180.jpg,0.0,17
image_28_140.jpg,2.9477856159210205,28
image_32_0.jpg,0.0,32
image_60_160.jpg,4.085060298442841,60
image_5_320.jpg,0.23828689754009247,5
image_83_140.jpg,2.0020931661129,83
image_10_0.jpg,0.0,10
image_66_200.jpg,21.091019451618195,66
image_73_80.jpg,0.0,73
image_18_260.jpg,0.23878996074199677,18
image_56_200.jpg,0.8629722893238068,56
image_14_100.jpg,2.635533854365349,14
image_27_260.jpg,2.7819578498601913,27
image_45_120.jpg,0.0,45
image_71_220.jpg,0.0,71
image_89_260.jpg,8.292780250310898,89
image_29_40.jpg,2.39145228266716,29
image_38_40.jpg,0.0,38
image_44_160.jpg,11.638167709112167,44
image_93_280.jpg,0.24572274088859558,93
image_58_60.jpg,20.50170560181141,58
image_110_180.jpg,0.3232532739639282,110
image_26_180.jpg,13.763258501887321,26
image_37_260.jpg,5.799773335456848,37
image_13_0.jpg,2.3816687166690826,13
image_40_260.jpg,0.0,40
image_107_140.jpg,0.0,107
image_78_120.jpg,0.0,78
image_94_20.jpg,5.560406029224396,94
image_5_300.jpg,4.692037463188171,5
image_20_0.jpg,1.8454695641994476,20
image_110_120.jpg,0.2892611622810364,110
image_80_160.jpg,0.21420644223690033,80
image_61_220.jpg,8.36729884147644,61
image_52_240.jpg,0.0,52
image_73_60.jpg,4.467984199523926,73
image_93_340.jpg,1.2082873731851578,93
image_100_180.jpg,0.9997510313987732,100
image_30_60.jpg,1.4962007403373718,30
image_52_120.jpg,0.0,52
image_102_40.jpg,0.0,102
image_19_120.jpg,1.6943927109241486,19
image_105_100.jpg,1.4754791855812073,105
image_79_200.jpg,0.0,79
image_52_20.jpg,5.39108744263649,52
image_54_20.jpg,0.2006065845489502,54
image_105_120.jpg,0.26205217838287354,105
image_39_0.jpg,8.45465923845768,39
image_82_180.jpg,15.58144561946392,82
image_70_200.jpg,6.518633857369423,70
image_86_220.jpg,1.2679829597473145,86
image_33_20.jpg,0.0,33
image_41_80.jpg,5.447682857513428,41
image_18_140.jpg,0.994354248046875,18
image_56_260.jpg,4.859915733337402,56
image_95_0.jpg,0.9996541738510132,95
image_22_280.jpg,1.241396725177765,22
image_93_40.jpg,8.415870666503906,93
image_24_240.jpg,3.7773750126361847,24
image_44_180.jpg,22.680003076791763,44
image_71_100.jpg,5.594143867492676,71
image_87_0.jpg,0.0,87
image_6_80.jpg,1.1066118478775024,6
image_112_320.jpg,0.0,112
image_44_220.jpg,22.501538664102554,44
image_99_40.jpg,2.360303968191147,99
image_8_220.jpg,2.0267788469791412,8
image_56_220.jpg,0.9378830641508102,56
image_83_280.jpg,2.53451144695282,83
image_73_220.jpg,5.675132691860199,73
image_7_220.jpg,10.140302866697311,7
image_113_100.jpg,0.0,113
image_56_20.jpg,0.823369026184082,56
image_66_20.jpg,10.610725805163383,66
image_112_160.jpg,0.0,112
image_70_0.jpg,0.0,70
image_69_60.jpg,4.364663302898407,69
image_73_180.jpg,8.615743711590767,73
image_103_40.jpg,0.0,103
image_53_40.jpg,0.21381209790706635,53
image_53_80.jpg,0.0,53
image_101_200.jpg,0.5611050724983215,101
image_85_320.jpg,0.9973982572555542,85
image_30_280.jpg,4.820574402809143,30
image_78_280.jpg,5.960096120834351,78
image_77_20.jpg,0.9973742961883545,77
image_5_180.jpg,0.9990733861923218,5
image_93_0.jpg,5.342652678489685,93
image_9_60.jpg,10.963905215263367,9
image_88_0.jpg,4.625330284237862,88
image_93_120.jpg,1.705749273300171,93
image_103_300.jpg,0.0,103
image_67_200.jpg,2.056641787290573,67
image_22_60.jpg,1.668959379196167,22
image_112_140.jpg,0.0,112
image_46_220.jpg,3.982020616531372,46
image_8_260.jpg,0.9947760105133057,8
image_67_20.jpg,3.496114730834961,67
image_59_220.jpg,5.653443202376366,59
image_64_300.jpg,0.0,64
image_17_300.jpg,0.2077654004096985,17
image_93_80.jpg,1.9935540556907654,93
image_46_20.jpg,4.49276864528656,46
image_48_100.jpg,0.8554131984710693,48
image_37_40.jpg,11.154955685138702,37
image_10_220.jpg,6.466557934880257,10
image_2_220.jpg,0.0,2
image_5_240.jpg,2.7359195947647095,5
image_61_300.jpg,0.7111428678035736,61
image_70_320.jpg,1.0667753219604492,70
image_76_140.jpg,0.0,76
image_74_160.jpg,0.997456967830658,74
image_107_0.jpg,0.0,107
image_105_280.jpg,0.0,105
image_100_340.jpg,0.0,100
image_55_320.jpg,8.814896881580353,55
image_19_200.jpg,1.8200146555900574,19
image_1_180.jpg,11.294893056154251,1
image_29_20.jpg,2.9981083273887634,29
image_2_60.jpg,0.0,2
image_63_220.jpg,13.263175785541534,63
image_80_220.jpg,6.028161257505417,80
image_76_300.jpg,0.9964098334312439,76
image_81_80.jpg,2.346227318048477,81
image_101_180.jpg,1.9850842356681824,101
image_23_0.jpg,5.974326878786087,23
image_49_0.jpg,3.612780749797821,49
image_62_200.jpg,6.556678503751755,62
image_92_280.jpg,15.525717303156853,92
image_47_120.jpg,10.191418707370758,47
image_93_220.jpg,2.514715254306793,93
image_69_280.jpg,2.563846170902252,69
image_105_160.jpg,0.0,105
image_62_180.jpg,5.904893487691879,62
image_110_80.jpg,0.0,110
image_63_240.jpg,6.577465131878853,63
image_110_300.jpg,0.0,110
image_94_260.jpg,1.2319240868091583,94
image_111_280.jpg,0.40234166383743286,111
image_29_280.jpg,5.347693741321564,29
image_105_180.jpg,0.0,105
image_69_0.jpg,7.277832671999931,69
image_46_120.jpg,0.2996281683444977,46
image_16_100.jpg,1.2929151356220245,16
image_38_340.jpg,1.16276516020298,38
image_26_80.jpg,3.1929550915956497,26
image_42_340.jpg,9.915616914629936,42
image_8_40.jpg,7.875323608517647,8
image_2_20.jpg,0.0,2
image_29_240.jpg,0.9982818365097046,29
image_91_240.jpg,0.0,91
image_16_260.jpg,6.325552225112915,16
image_13_200.jpg,3.1708776354789734,13
image_21_300.jpg,1.461295247077942,21
image_65_120.jpg,7.932645887136459,65
image_67_140.jpg,0.9744746088981628,67
image_96_180.jpg,0.0,96
image_48_60.jpg,5.553748846054077,48
image_5_160.jpg,1.1750035881996155,5
image_98_80.jpg,0.0,98
image_27_0.jpg,0.8447089195251465,27
image_77_100.jpg,7.656297460198402,77
image_113_120.jpg,0.0,113
image_72_220.jpg,5.019567504525185,72
image_36_340.jpg,10.387285232543945,36
image_105_140.jpg,0.0,105
image_15_120.jpg,5.591954678297043,15
image_1_0.jpg,1.2818902432918549,1
image_25_340.jpg,0.0,25
image_84_200.jpg,0.0,84
image_65_280.jpg,8.2362662255764,65
image_28_160.jpg,0.2778976559638977,28
image_110_260.jpg,0.0,110
image_36_20.jpg,22.77966295182705,36
image_94_40.jpg,8.565547674894333,94
image_94_240.jpg,0.4531134068965912,94
image_46_140.jpg,0.998345136642456,46
image_73_280.jpg,2.1877561211586,73
image_103_220.jpg,0.0,103
image_62_80.jpg,7.490680232644081,62
image_107_280.jpg,1.8090850114822388,107
image_52_320.jpg,0.0,52
image_55_280.jpg,10.130870178341866,55
image_107_340.jpg,0.0,107
image_90_280.jpg,0.0,90
image_42_280.jpg,14.913111075758934,42
image_88_60.jpg,6.880271464586258,88
image_95_200.jpg,0.5296528935432434,95
image_9_240.jpg,5.549396529793739,9
image_52_140.jpg,0.0,52
image_14_320.jpg,0.9994516968727112,14
image_6_280.jpg,0.9879381060600281,6
image_57_20.jpg,2.474839001893997,57
image_68_200.jpg,1.0948905050754547,68
image_63_120.jpg,7.143115907907486,63
image_113_240.jpg,0.24332916736602783,113
image_15_340.jpg,1.969416618347168,15
image_95_340.jpg,0.0,95
image_52_340.jpg,0.0,52
image_105_300.jpg,0.0,105
image_38_140.jpg,1.733993649482727,38
image_51_340.jpg,12.497982531785965,51
image_10_20.jpg,3.3568918704986572,10
image_11_260.jpg,3.2702988237142563,11
image_110_20.jpg,0.0,110
image_75_20.jpg,0.0,75
image_109_200.jpg,0.0,109
image_105_20.jpg,0.0,105
image_69_120.jpg,2.896766483783722,69
image_87_320.jpg,2.57373309135437,87
image_30_260.jpg,0.0,30
image_68_300.jpg,18.474034637212753,68
image_4_80.jpg,0.7290868759155273,4
image_22_40.jpg,0.0,22
image_100_220.jpg,0.0,100
image_40_20.jpg,0.7169620990753174,40
image_102_100.jpg,0.0,102
image_106_220.jpg,3.245268851518631,106
image_4_280.jpg,1.2486294209957123,4
image_84_300.jpg,12.70894393324852,84
image_109_40.jpg,0.0,109
image_6_200.jpg,1.2812882512807846,6
image_102_0.jpg,0.0,102
image_78_320.jpg,0.0,78
image_83_220.jpg,1.6207824051380157,83
image_106_40.jpg,1.2999087125062943,106
image_37_280.jpg,2.8587749004364014,37
image_5_260.jpg,3.929531678557396,5
image_41_340.jpg,5.975516349077225,41
image_86_60.jpg,0.0,86
image_14_40.jpg,7.860479682683945,14
image_19_180.jpg,0.0,19
image_114_80.jpg,0.0,114
image_7_160.jpg,4.183076918125153,7
image_69_100.jpg,5.38034762442112,69
image_59_240.jpg,6.907634615898132,59
image_18_280.jpg,1.6900399923324585,18
image_87_260.jpg,0.0,87
image_27_300.jpg,4.450841203331947,27
image_14_20.jpg,6.992076396942139,14
image_95_320.jpg,0.0,95
image_85_260.jpg,5.407503440976143,85
image_32_260.jpg,8.426209956407547,32
image_61_40.jpg,3.0396264642477036,61
image_88_140.jpg,7.533219933509827,88
image_108_80.jpg,0.0,108
image_94_220.jpg,1.9959989786148071,94
image_48_80.jpg,0.9974416494369507,48
image_50_0.jpg,0.0,50
image_69_260.jpg,8.23434516787529,69
image_102_200.jpg,0.0,102
image_85_20.jpg,1.9916961789131165,85
image_22_340.jpg,3.9341266453266144,22
image_35_180.jpg,8.630660623311996,35
image_41_140.jpg,11.243006750941277,41
image_23_280.jpg,19.93769085407257,23
image_70_20.jpg,3.7415685057640076,70
image_101_40.jpg,0.9775984287261963,101
image_111_120.jpg,0.0,111
image_3_240.jpg,14.123651564121246,3
image_82_80.jpg,4.456712245941162,82
image_77_240.jpg,1.0665930807590485,77
image_43_120.jpg,13.455668717622757,43
image_109_100.jpg,1.2314444780349731,109
image_10_40.jpg,1.1453806459903717,10
image_51_280.jpg,0.0,51
image_63_80.jpg,14.521923169493675,63
image_81_0.jpg,0.9993553757667542,81
image_49_120.jpg,6.570954203605652,49
image_63_140.jpg,4.217134058475494,63
image_98_60.jpg,2.4244384169578552,98
image_60_280.jpg,5.244055077433586,60
image_47_220.jpg,2.836814969778061,47
image_34_100.jpg,0.0,34
image_89_180.jpg,0.0,89
image_92_160.jpg,5.4848780035972595,92
image_80_280.jpg,8.629244595766068,80
image_80_340.jpg,8.470874845981598,80
image_103_80.jpg,0.0,103
image_39_180.jpg,9.500400364398956,39
image_66_340.jpg,1.9675622582435608,66
image_61_200.jpg,2.1538292467594147,61
image_22_80.jpg,0.0,22
image_4_320.jpg,0.0,4
image_6_340.jpg,0.0,6
image_105_260.jpg,0.0,105
image_84_80.jpg,6.393692225217819,84
image_94_200.jpg,5.965344876050949,94
image_19_40.jpg,1.7983508110046387,19
image_51_220.jpg,21.90770499408245,51
image_67_160.jpg,2.7471804320812225,67
image_68_320.jpg,22.10512015223503,68
image_10_300.jpg,0.0,10
image_41_120.jpg,0.7031419277191162,41
image_85_340.jpg,2.2125033885240555,85
image_96_0.jpg,0.0,96
image_55_180.jpg,0.0,55
image_3_180.jpg,2.4340178966522217,3
image_75_80.jpg,3.348286911845207,75
image_105_60.jpg,0.2160871922969818,105
image_56_300.jpg,2.156230613589287,56
image_15_300.jpg,8.579765304923058,15
image_95_20.jpg,0.0,95
image_46_0.jpg,15.990478366613388,46
image_75_200.jpg,1.8270334303379059,75
image_28_260.jpg,0.0,28
image_55_260.jpg,0.9816548526287079,55
image_42_160.jpg,9.402612909674644,42
image_48_160.jpg,18.126021653413773,48
image_101_320.jpg,7.027044743299484,101
image_58_280.jpg,3.7294680774211884,58
image_81_300.jpg,0.3442407250404358,81
image_78_20.jpg,0.0,78
image_70_140.jpg,0.0,70
image_23_200.jpg,0.0,23
image_48_140.jpg,6.932003811001778,48
image_40_220.jpg,4.366686433553696,40
image_114_260.jpg,0.2323293387889862,114
image_81_280.jpg,0.0,81
image_58_120.jpg,13.169691264629364,58
image_86_300.jpg,1.103807806968689,86
image_8_320.jpg,2.4226498901844025,8
image_91_160.jpg,2.3935598731040955,91
image_4_180.jpg,0.0,4
image_111_180.jpg,0.0,111
image_60_0.jpg,17.303964972496033,60
image_87_40.jpg,2.714263692498207,87
image_57_40.jpg,3.316804349422455,57
image_21_60.jpg,0.9548361301422119,21
image_66_220.jpg,18.687341451644897,66
image_14_140.jpg,5.140685096383095,14
image_3_260.jpg,23.51329231262207,3
image_72_180.jpg,8.209061041474342,72
image_15_0.jpg,2.548721745610237,15
image_10_280.jpg,0.0,10
image_67_320.jpg,3.959080085158348,67
image_98_200.jpg,0.0,98
image_14_0.jpg,0.996264636516571,14
image_34_20.jpg,4.993109881877899,34
image_23_100.jpg,17.263835325837135,23
image_35_60.jpg,0.0,35
image_2_100.jpg,2.2375193536281586,2
image_71_120.jpg,8.474265709519386,71
image_77_140.jpg,3.6895223259925842,77
image_7_280.jpg,4.883132621645927,7
image_47_40.jpg,3.0251231491565704,47
image_2_180.jpg,0.0,2
image_23_120.jpg,8.082766950130463,23
image_97_180.jpg,0.5615911483764648,97
image_104_300.jpg,0.8103322088718414,104
image_107_300.jpg,1.571799874305725,107
image_20_60.jpg,0.9485595226287842,20
image_32_20.jpg,0.0,32
image_1_240.jpg,6.5067553371191025,1
image_35_220.jpg,2.1711316257715225,35
image_11_200.jpg,14.121575757861137,11
image_1_260.jpg,2.792187988758087,1
image_104_160.jpg,0.46388885378837585,104
image_16_220.jpg,4.24825394153595,16
image_114_60.jpg,0.0,114
image_59_20.jpg,7.509516924619675,59
image_78_180.jpg,0.0,78
image_46_40.jpg,0.0,46
image_43_0.jpg,0.0,43
image_98_120.jpg,0.0,98
image_58_320.jpg,8.968183130025864,58
image_94_180.jpg,3.6507534235715866,94
image_19_80.jpg,0.0,19
image_80_60.jpg,12.364924490451813,80
image_85_60.jpg,0.0,85
image_114_220.jpg,0.0,114
image_6_140.jpg,1.5056069493293762,6
image_15_260.jpg,3.075139954686165,15
image_38_160.jpg,0.0,38
image_94_100.jpg,0.9995836615562439,94
image_59_100.jpg,2.525491625070572,59
image_82_300.jpg,2.4972537755966187,82
image_53_180.jpg,1.8592140674591064,53
image_95_120.jpg,0.3110421299934387,95
image_29_120.jpg,0.0,29
image_81_200.jpg,2.544290170073509,81
image_19_340.jpg,0.6677311062812805,19
image_28_300.jpg,0.29163384437561035,28
image_51_240.jpg,18.989000543951988,51
image_68_180.jpg,8.262417703866959,68
image_37_160.jpg,10.237464666366577,37
image_60_40.jpg,3.8105293959379196,60
image_83_340.jpg,0.3389962315559387,83
image_44_120.jpg,19.500269696116447,44
image_103_120.jpg,0.9282213747501373,103
image_111_60.jpg,0.7838948965072632,111
image_57_60.jpg,5.710726127028465,57
image_65_140.jpg,6.563459545373917,65
image_50_60.jpg,0.0,50
image_53_60.jpg,0.0,53
image_68_40.jpg,7.518815398216248,68
image_21_40.jpg,0.3301621377468109,21
image_19_220.jpg,6.281691014766693,19
image_33_320.jpg,0.49662208557128906,33
image_38_180.jpg,3.460121214389801,38
image_12_220.jpg,2.3706557750701904,12
image_87_180.jpg,1.2377860099077225,87
image_92_340.jpg,4.593078702688217,92
image_2_240.jpg,0.0,2
image_33_180.jpg,0.2758704721927643,33
image_66_180.jpg,15.949961856007576,66
image_30_200.jpg,7.746329307556152,30
image_56_100.jpg,4.843076139688492,56
image_90_20.jpg,0.0,90
image_1_60.jpg,1.4907700568437576,1
image_11_160.jpg,2.874421715736389,11
image_3_20.jpg,4.844320729374886,3
image_90_60.jpg,0.0,90
image_89_340.jpg,1.6973057091236115,89
image_39_40.jpg,3.927623450756073,39
image_63_260.jpg,6.771366894245148,63
image_43_220.jpg,2.104200452566147,43
image_93_320.jpg,3.7220481634140015,93
image_37_300.jpg,0.0,37
image_41_320.jpg,13.334783405065536,41
image_114_240.jpg,0.0,114
image_58_160.jpg,7.113465294241905,58
image_11_180.jpg,2.477791577577591,11
image_99_200.jpg,0.0,99
image_26_120.jpg,0.0,26
image_5_220.jpg,2.8799993097782135,5
image_6_180.jpg,0.9587113559246063,6
image_31_300.jpg,1.996737003326416,31
image_26_140.jpg,0.6591390669345856,26
image_68_60.jpg,14.183285802602768,68
image_96_80.jpg,1.229461133480072,96
image_88_20.jpg,8.395199835300446,88
image_108_20.jpg,0.0,108
image_35_200.jpg,11.423346117138863,35
image_113_160.jpg,0.0,113
image_112_120.jpg,0.0,112
image_34_240.jpg,6.20280385017395,34
image_90_220.jpg,0.0,90
image_77_40.jpg,3.847003400325775,77
image_108_200.jpg,0.0,108
image_49_340.jpg,0.0,49
image_47_280.jpg,17.453804820775986,47
image_20_160.jpg,0.0,20
image_101_120.jpg,1.9979827404022217,101
image_14_160.jpg,9.283301413059235,14
image_96_100.jpg,1.7752464264631271,96
image_85_140.jpg,2.2460973858833313,85
image_11_220.jpg,15.511898458003998,11
image_64_180.jpg,5.717639714479446,64
image_76_0.jpg,2.861328363418579,76
image_61_340.jpg,0.9987699389457703,61
image_108_340.jpg,1.3683521151542664,108
image_8_180.jpg,5.432173728942871,8
image_101_240.jpg,2.6405283212661743,101
image_43_80.jpg,6.054976522922516,43
image_6_0.jpg,0.5092448592185974,6
image_61_20.jpg,9.29918310046196,61
image_44_280.jpg,7.305834263563156,44
image_84_340.jpg,0.0,84
image_85_180.jpg,0.0,85
image_11_0.jpg,3.195956200361252,11
image_63_180.jpg,6.583536714315414,63
image_71_300.jpg,0.2506332993507385,71
image_110_0.jpg,0.0,110
image_74_300.jpg,5.463566184043884,74
image_54_320.jpg,9.27584122121334,54
image_24_120.jpg,1.4276641011238098,24
image_91_300.jpg,0.561271458864212,91
image_88_80.jpg,0.9973558187484741,88
image_51_180.jpg,22.600817948579788,51
image_28_180.jpg,3.056632488965988,28
image_63_280.jpg,4.12553608417511,63
image_71_340.jpg,15.358608737587929,71
image_15_40.jpg,13.158410802483559,15
image_22_300.jpg,0.3776189982891083,22
image_52_40.jpg,20.88894258439541,52
image_13_240.jpg,1.1004919558763504,13
image_47_340.jpg,0.0,47
image_58_0.jpg,10.575086906552315,58
image_63_320.jpg,9.488102048635483,63
image_29_260.jpg,2.201598644256592,29
image_59_140.jpg,9.747690200805664,59
image_90_160.jpg,0.0,90
image_79_340.jpg,3.8882933408021927,79
image_59_320.jpg,20.947404459118843,59
image_114_0.jpg,0.0,114
image_104_320.jpg,0.0,104
image_66_60.jpg,11.82948985695839,66
image_34_60.jpg,5.291765198111534,34
image_16_0.jpg,1.024034321308136,16
image_102_60.jpg,0.0,102
image_40_200.jpg,0.34186288714408875,40
image_80_0.jpg,16.139919131994247,80
image_103_280.jpg,0.21521304547786713,103
image_108_160.jpg,0.0,108
image_31_220.jpg,1.5345259606838226,31
image_76_200.jpg,0.282079815864563,76
image_106_300.jpg,0.0,106
image_102_180.jpg,0.0,102
image_56_180.jpg,2.9575602412223816,56
image_38_120.jpg,5.722314849495888,38
image_88_220.jpg,0.0,88
image_79_280.jpg,8.975677564740181,79
image_77_0.jpg,0.24382326006889343,77
image_81_180.jpg,3.6737869679927826,81
image_114_280.jpg,0.598909854888916,114
image_60_120.jpg,8.70601537823677,60
image_53_200.jpg,0.6906852126121521,53
image_101_160.jpg,3.5895313024520874,101
image_13_80.jpg,0.9976209998130798,13
image_12_160.jpg,10.622374758124352,12
image_57_80.jpg,13.599465370178223,57
image_11_320.jpg,0.5857198238372803,11
image_9_180.jpg,3.667978197336197,9
image_63_160.jpg,2.913257583975792,63
image_108_300.jpg,0.0,108
image_52_100.jpg,0.9987795948982239,52
image_80_240.jpg,8.375185564160347,80
image_15_320.jpg,7.014267861843109,15
image_96_60.jpg,0.3712102472782135,96
image_44_240.jpg,16.24401594698429,44
image_42_60.jpg,6.5721259117126465,42
image_112_220.jpg,0.0,112
image_82_160.jpg,20.26106023788452,82
image_17_20.jpg,0.0,17
image_17_60.jpg,5.35826013982296,17
image_84_40.jpg,0.0,84
image_51_200.jpg,12.540733486413956,51
image_51_40.jpg,21.919688761234283,51
image_8_140.jpg,0.9952552914619446,8
image_60_220.jpg,14.864943608641624,60
image_76_60.jpg,0.2405652403831482,76
image_57_140.jpg,14.849431708455086,57
image_68_20.jpg,18.029588490724564,68
image_104_60.jpg,0.0,104
image_35_260.jpg,0.0,35
image_41_0.jpg,3.4961166977882385,41
image_110_140.jpg,0.0,110
image_9_160.jpg,4.17552638053894,9
image_43_340.jpg,0.9991807341575623,43
image_50_40.jpg,5.80127340555191,50
image_37_20.jpg,5.917809918522835,37
image_17_80.jpg,6.373032331466675,17
image_66_140.jpg,2.9978321492671967,66
image_62_40.jpg,9.99228447675705,62
image_4_300.jpg,3.957704871892929,4
image_18_240.jpg,0.8030494153499603,18
image_22_220.jpg,0.9989995360374451,22
image_27_60.jpg,3.5532752871513367,27
image_37_340.jpg,12.183070331811905,37
image_99_260.jpg,0.0,99
image_76_100.jpg,0.0,76
image_14_80.jpg,4.141849473118782,14
image_78_160.jpg,0.9965786337852478,78
image_64_240.jpg,0.9956667423248291,64
image_85_300.jpg,2.3386612236499786,85
image_102_120.jpg,0.0,102
image_6_40.jpg,1.7659427225589752,6
image_6_60.jpg,1.1439154297113419,6
image_60_260.jpg,9.430877149105072,60
image_106_120.jpg,0.0,106
image_13_160.jpg,1.0308935642242432,13
image_27_180.jpg,6.207346081733704,27
image_104_0.jpg,0.0,104
image_74_80.jpg,0.623816728591919,74
image_47_180.jpg,8.418791815638542,47
image_57_200.jpg,3.1446895599365234,57
image_1_280.jpg,2.5243754386901855,1
image_108_280.jpg,0.6553951650857925,108
image_103_140.jpg,0.0,103
image_80_40.jpg,21.070107519626617,80
image_102_220.jpg,0.0,102
image_29_160.jpg,0.0,29
image_28_220.jpg,0.0,28
image_104_140.jpg,0.0,104
image_113_20.jpg,0.723016157746315,113
image_93_180.jpg,0.8951345086097717,93
image_100_20.jpg,0.0,100
image_67_260.jpg,2.8010217547416687,67
image_7_100.jpg,1.4771605730056763,7
image_44_260.jpg,12.54846353828907,44
image_1_80.jpg,0.9767695069313049,1
image_33_340.jpg,0.0,33
image_21_340.jpg,4.63188824057579,21
image_56_340.jpg,0.9983137845993042,56
image_48_120.jpg,10.500325083732605,48
image_54_340.jpg,12.821098536252975,54
image_86_100.jpg,3.5454098135232925,86
image_112_100.jpg,0.0,112
image_101_0.jpg,1.0645496398210526,101
image_98_260.jpg,0.0,98
image_8_60.jpg,2.924573138356209,8
image_59_40.jpg,0.5577589273452759,59
image_15_140.jpg,0.5039758086204529,15
image_60_80.jpg,2.8144484758377075,60
image_9_80.jpg,9.386183634400368,9
image_107_80.jpg,0.4410697817802429,107
image_20_320.jpg,0.0,20
image_15_240.jpg,3.650301605463028,15
image_95_100.jpg,3.725382626056671,95
image_83_260.jpg,1.5801080018281937,83
image_39_320.jpg,0.9860261678695679,39
image_46_160.jpg,0.0,46
image_112_20.jpg,0.0,112
image_9_300.jpg,7.569498777389526,9
image_86_320.jpg,1.8881711959838867,86
image_10_60.jpg,0.0,10
image_10_120.jpg,0.0,10
image_77_320.jpg,0.3246186375617981,77
image_41_20.jpg,4.604195177555084,41
image_38_200.jpg,1.9505800604820251,38
image_21_160.jpg,7.606562256813049,21
image_90_200.jpg,0.0,90
image_65_0.jpg,22.796705961227417,65
image_45_80.jpg,8.438274204730988,45
image_33_300.jpg,0.0,33
image_69_40.jpg,1.9680155813694,69
image_68_220.jpg,8.26736006140709,68
image_110_200.jpg,0.0,110
image_105_40.jpg,0.0,105
image_50_100.jpg,0.0,50
image_40_100.jpg,5.7600377053022385,40
image_64_200.jpg,18.084329143166542,64
image_99_160.jpg,0.6303578615188599,99
image_80_300.jpg,2.9258421659469604,80
image_43_100.jpg,10.723907843232155,43
image_99_80.jpg,0.9361411035060883,99
image_26_240.jpg,4.778343766927719,26
image_53_280.jpg,1.4571025967597961,53
image_55_100.jpg,3.1623224169015884,55
image_30_140.jpg,0.8320859670639038,30
image_87_140.jpg,0.9960097074508667,87
image_40_300.jpg,1.2397717237472534,40
image_24_320.jpg,0.9931754469871521,24
image_46_320.jpg,0.0,46
image_40_280.jpg,0.0,40
image_108_320.jpg,0.0,108
image_38_60.jpg,0.3317209780216217,38
image_3_40.jpg,2.238346666097641,3
image_34_40.jpg,2.918807327747345,34
image_21_100.jpg,3.383759766817093,21
image_22_160.jpg,1.498017132282257,22
image_53_340.jpg,0.0,53
image_87_160.jpg,2.956361174583435,87
image_78_220.jpg,1.709856629371643,78
image_68_340.jpg,12.2493377327919,68
image_7_120.jpg,2.4083952009677887,7
image_65_240.jpg,5.090330317616463,65
image_89_200.jpg,0.0,89
image_5_60.jpg,2.9558251202106476,5
image_47_200.jpg,4.152483761310577,47
image_40_160.jpg,5.094285860657692,40
image_69_160.jpg,3.6817546784877777,69
image_96_260.jpg,0.6757951080799103,96
image_52_300.jpg,0.0,52
image_61_60.jpg,3.824097067117691,61
image_96_120.jpg,3.243801102042198,96
image_87_300.jpg,0.5912986993789673,87
image_38_300.jpg,3.843816578388214,38
image_43_260.jpg,2.8056324124336243,43
image_105_220.jpg,0.0,105
image_30_120.jpg,3.3748921751976013,30
image_12_280.jpg,0.3133416473865509,12
image_85_160.jpg,3.7695653587579727,85
image_62_160.jpg,5.056018203496933,62
image_111_260.jpg,0.0,111
image_15_60.jpg,19.442903384566307,15
image_89_320.jpg,0.7762188613414764,89
image_52_220.jpg,0.0,52
image_43_200.jpg,0.0,43
image_54_200.jpg,5.860246330499649,54
image_21_200.jpg,4.983743369579315,21
image_37_120.jpg,2.814278766512871,37
image_91_320.jpg,0.0,91
image_86_240.jpg,0.4252036511898041,86
image_45_220.jpg,21.987126007676125,45
image_58_300.jpg,7.869794875383377,58
image_89_80.jpg,0.0,89
image_8_160.jpg,7.5057810842990875,8
image_42_80.jpg,14.543333604931831,42
image_72_60.jpg,0.3524411916732788,72
image_22_0.jpg,1.603823408484459,22
image_66_120.jpg,5.1446353495121,66
image_62_220.jpg,10.210993260145187,62
image_55_40.jpg,0.0,55
image_101_140.jpg,14.884978413581848,101
image_63_0.jpg,11.098770126700401,63
image_56_140.jpg,19.66749243438244,56
image_88_120.jpg,0.23666253685951233,88
image_20_340.jpg,1.5473651885986328,20
image_103_0.jpg,0.0,103
image_76_180.jpg,2.468441516160965,76
image_99_280.jpg,0.0,99
image_8_280.jpg,2.201630115509033,8
image_45_340.jpg,5.3478067219257355,45
image_47_260.jpg,15.616479456424713,47
image_23_20.jpg,5.326164066791534,23
image_56_320.jpg,7.2720765471458435,56
image_79_0.jpg,0.0,79
image_9_340.jpg,0.7210479378700256,9
image_27_120.jpg,5.628478899598122,27
image_78_100.jpg,0.0,78
image_39_260.jpg,2.24875470995903,39
image_44_340.jpg,11.760891437530518,44
image_54_80.jpg,11.56653043627739,54
image_52_60.jpg,7.723941653966904,52
image_3_100.jpg,5.228538602590561,3
image_108_40.jpg,0.0,108
image_113_80.jpg,0.6132599115371704,113
image_90_100.jpg,0.0,90
image_45_40.jpg,19.830717772245407,45
image_73_320.jpg,3.8587767481803894,73
image_12_180.jpg,3.263058230280876,12
image_33_0.jpg,0.0,33
image_106_60.jpg,0.2777247726917267,106
image_19_300.jpg,1.8130891025066376,19
image_104_340.jpg,0.0,104
image_99_240.jpg,0.7558789253234863,99
image_31_200.jpg,1.1485237628221512,31
image_86_200.jpg,0.22904549539089203,86
image_87_80.jpg,3.635653555393219,87
image_65_100.jpg,9.039717480540276,65
image_95_40.jpg,0.9938400387763977,95
image_61_280.jpg,0.585246741771698,61
image_40_120.jpg,2.000060558319092,40
image_91_100.jpg,4.267500400543213,91
image_32_180.jpg,1.5177517533302307,32
image_41_220.jpg,2.2985439896583557,41
image_103_260.jpg,0.0,103
image_7_40.jpg,7.0030936896800995,7
image_63_200.jpg,0.0,63
image_8_20.jpg,11.135521948337555,8
image_63_20.jpg,13.297085240483284,63
image_99_20.jpg,0.9971396923065186,99
image_105_80.jpg,0.8305738568305969,105
image_31_80.jpg,1.2642540037631989,31
image_109_260.jpg,1.5998943448066711,109
image_48_180.jpg,9.333658903837204,48
image_86_20.jpg,0.0,86
image_57_120.jpg,3.446687638759613,57
image_26_340.jpg,10.27229480445385,26
image_114_340.jpg,0.4322313368320465,114
image_42_40.jpg,10.380525559186935,42
image_107_200.jpg,1.801371693611145,107
image_28_60.jpg,1.5068656504154205,28
image_18_60.jpg,2.817167341709137,18
image_111_40.jpg,0.0,111
image_38_0.jpg,0.6727139353752136,38
image_10_160.jpg,1.334834486246109,10
image_24_180.jpg,5.220309883356094,24
image_95_300.jpg,1.4685205221176147,95
image_67_80.jpg,1.2168789058923721,67
image_75_0.jpg,2.367474287748337,75
image_99_180.jpg,0.2753775715827942,99
image_39_100.jpg,1.388294667005539,39
image_100_200.jpg,0.0,100
image_97_220.jpg,0.3555034101009369,97
image_9_140.jpg,2.2110154181718826,9
image_43_60.jpg,3.6306707561016083,43
image_92_300.jpg,2.3271952867507935,92
image_88_200.jpg,0.0,88
image_103_60.jpg,0.0,103
image_23_140.jpg,1.1970447897911072,23
image_64_120.jpg,1.9741946458816528,64
image_65_340.jpg,20.54876908659935,65
image_21_260.jpg,1.4555109739303589,21
image_10_140.jpg,0.0,10
image_112_200.jpg,0.0,112
image_34_0.jpg,10.325962007045746,34
image_51_80.jpg,5.963387370109558,51
image_101_80.jpg,0.0,101
image_44_20.jpg,18.45621059834957,44
image_99_140.jpg,0.0,99
image_47_0.jpg,8.20237323641777,47
image_32_140.jpg,4.032899558544159,32
image_22_20.jpg,0.8215575516223907,22
image_81_140.jpg,0.9875049591064453,81
image_69_200.jpg,10.098900780081749,69
image_75_100.jpg,0.9979496598243713,75
image_76_280.jpg,0.6811306476593018,76
image_88_40.jpg,3.0492477416992188,88
image_6_320.jpg,0.25273942947387695,6
image_32_100.jpg,2.732716351747513,32
image_69_340.jpg,2.3360592424869537,69
image_23_160.jpg,0.0,23
image_84_60.jpg,4.498418509960175,84
image_25_80.jpg,4.4532308876514435,25
image_54_180.jpg,10.897388011217117,54
image_5_140.jpg,10.107862710952759,5
image_99_60.jpg,0.8019639402627945,99
image_105_240.jpg,0.0,105
image_97_40.jpg,0.8626691102981567,97
image_45_300.jpg,0.0,45
image_22_320.jpg,0.3850376009941101,22
image_64_0.jpg,5.887947469949722,64
image_45_180.jpg,11.2930878251791,45
image_62_260.jpg,14.365666061639786,62
image_4_140.jpg,1.1602855622768402,4
image_58_40.jpg,18.76426835358143,58
image_37_80.jpg,11.7763052880764,37
image_90_0.jpg,0.0,90
image_1_20.jpg,2.2377890050411224,1
image_45_260.jpg,5.311142414808273,45
image_52_280.jpg,0.0,52
image_46_180.jpg,5.530530750751495,46
image_77_80.jpg,6.31926167011261,77
image_80_20.jpg,11.409107387065887,80
image_49_300.jpg,1.306783378124237,49
image_71_0.jpg,9.655725345015526,71
image_74_100.jpg,7.681037738919258,74
image_11_100.jpg,5.651952505111694,11
image_6_120.jpg,0.0,6
image_38_260.jpg,0.0,38
image_101_220.jpg,0.0,101
image_41_300.jpg,5.208275780081749,41
image_16_300.jpg,5.392306566238403,16
image_6_220.jpg,0.0,6
image_99_300.jpg,2.9648585319519043,99
image_104_240.jpg,0.0,104
image_13_220.jpg,0.203769713640213,13
image_13_140.jpg,0.7808172702789307,13
image_80_140.jpg,4.2601021230220795,80
image_84_280.jpg,4.819829478859901,84
image_26_260.jpg,2.238442540168762,26
image_43_240.jpg,2.989296615123749,43
image_22_260.jpg,0.0,22
image_13_180.jpg,0.9939416646957397,13
image_82_0.jpg,10.790100365877151,82
image_91_20.jpg,2.1837200820446014,91
image_22_120.jpg,2.3234201967716217,22
image_98_160.jpg,0.0,98
image_7_80.jpg,0.8912336230278015,7
image_54_140.jpg,20.74846836924553,54
image_35_160.jpg,4.895244002342224,35
image_71_140.jpg,17.143957868218422,71
image_86_140.jpg,0.0,86
image_93_60.jpg,6.9732018411159515,93
image_79_80.jpg,4.849764242768288,79
image_36_200.jpg,22.722136184573174,36
image_31_120.jpg,4.066740661859512,31
image_16_80.jpg,3.1985627710819244,16
image_113_320.jpg,0.0,113
image_16_240.jpg,5.9814587235450745,16
image_27_280.jpg,0.0,27
image_71_60.jpg,2.1105364859104156,71
image_73_40.jpg,4.143285125494003,73
image_83_240.jpg,0.5122909545898438,83
image_64_160.jpg,4.387834668159485,64
image_63_40.jpg,2.575908750295639,63
image_13_260.jpg,2.4286035299301147,13
image_8_200.jpg,7.094195738434792,8
image_14_180.jpg,8.025495290756226,14
image_113_60.jpg,0.8994091153144836,113
image_45_240.jpg,11.20956665277481,45
image_84_240.jpg,0.0,84
image_41_100.jpg,2.0103604793548584,41
image_14_280.jpg,1.2525880932807922,14
image_2_0.jpg,0.0,2
image_72_40.jpg,4.154505372047424,72
image_43_160.jpg,0.0,43
image_63_60.jpg,15.777038112282753,63
image_13_20.jpg,0.9972497820854187,13
image_34_320.jpg,1.7510374188423157,34
image_85_100.jpg,5.948491722345352,85
image_99_120.jpg,0.0,99
image_110_240.jpg,0.9969434142112732,110
image_59_60.jpg,1.959641456604004,59
image_57_340.jpg,11.040262132883072,57
image_73_0.jpg,6.933144524693489,73
image_29_200.jpg,0.9805982112884521,29
image_93_240.jpg,3.1962554454803467,93
image_86_0.jpg,0.0,86
image_43_280.jpg,6.881898567080498,43
image_89_0.jpg,2.4984617084264755,89
image_17_120.jpg,0.0,17
image_1_120.jpg,2.56806617975235,1
image_39_200.jpg,6.970199778676033,39
image_66_100.jpg,7.799284785985947,66
image_73_160.jpg,2.966433569788933,73
image_49_200.jpg,13.329633444547653,49
image_109_220.jpg,0.0,109
image_4_220.jpg,0.0,4
image_91_120.jpg,1.3868719041347504,91
image_101_280.jpg,1.7418317794799805,101
image_80_260.jpg,22.010688066482544,80
image_49_240.jpg,14.429351568222046,49
image_79_20.jpg,0.9986993074417114,79
image_102_280.jpg,0.0,102
image_53_240.jpg,1.3871236741542816,53
image_50_320.jpg,1.231967180967331,50
image_19_240.jpg,8.552025884389877,19
image_81_20.jpg,0.0,81
image_112_260.jpg,4.048814982175827,112
image_75_260.jpg,0.9950107336044312,75
image_17_200.jpg,1.1362746357917786,17
image_49_140.jpg,5.813226565718651,49
image_113_40.jpg,0.0,113
image_8_300.jpg,2.7327007353305817,8
image_60_240.jpg,4.009438335895538,60
image_87_100.jpg,1.0879959166049957,87
image_39_300.jpg,0.8496675491333008,39
image_58_180.jpg,9.568623796105385,58
image_91_60.jpg,3.129041314125061,91
image_41_240.jpg,4.310215353965759,41
image_8_0.jpg,4.234724372625351,8
image_23_340.jpg,11.547031491994858,23
image_42_120.jpg,11.812559813261032,42
image_111_300.jpg,0.0,111
image_78_60.jpg,0.0,78
image_12_0.jpg,0.999091386795044,12
image_76_260.jpg,0.0,76
image_32_300.jpg,4.3247926235198975,32
image_82_340.jpg,17.089688554406166,82
image_59_0.jpg,6.326287776231766,59
image_96_240.jpg,2.8347665667533875,96
image_20_200.jpg,0.0,20
image_36_280.jpg,1.990843951702118,36
image_18_200.jpg,6.33872064948082,18
image_86_180.jpg,2.977998808026314,86
image_71_280.jpg,0.0,71
image_19_320.jpg,0.0,19
image_68_240.jpg,2.92203825712204,68
image_6_160.jpg,0.0,6
image_113_300.jpg,0.0,113
image_46_80.jpg,0.0,46
image_74_320.jpg,6.165202587842941,74
image_83_300.jpg,1.70265394449234,83
image_65_220.jpg,12.441606670618057,65
image_82_260.jpg,0.0,82
image_17_320.jpg,0.0,17
image_25_160.jpg,0.3130829930305481,25
image_10_260.jpg,2.4445063918828964,10
image_65_260.jpg,8.54183153808117,65
image_66_80.jpg,3.9874468594789505,66
image_48_340.jpg,4.988024637103081,48
image_91_220.jpg,0.0,91
image_58_240.jpg,0.3310435116291046,58
image_14_260.jpg,0.0,14
image_30_20.jpg,2.261301279067993,30
image_79_100.jpg,6.782962650060654,79
image_94_60.jpg,6.469933390617371,94
image_78_240.jpg,0.7967470288276672,78
image_82_220.jpg,2.000587537884712,82
image_1_140.jpg,3.544821321964264,1
image_51_140.jpg,1.9668703079223633,51
image_88_300.jpg,0.0,88
image_2_340.jpg,0.0,2
image_85_120.jpg,0.0,85
image_95_280.jpg,1.9249508380889893,95
image_25_200.jpg,0.4393921494483948,25
image_98_180.jpg,1.2898156195878983,98
image_18_220.jpg,6.668450951576233,18
image_100_0.jpg,0.0,100
image_114_180.jpg,0.0,114
image_54_240.jpg,11.357904076576233,54
image_93_300.jpg,2.1283693611621857,93
image_89_220.jpg,0.0,89
image_29_340.jpg,0.0,29
image_75_140.jpg,2.0539566576480865,75
image_2_200.jpg,0.0,2
image_94_340.jpg,5.714527100324631,94
image_69_300.jpg,1.1490936577320099,69
image_94_280.jpg,6.275813460350037,94
image_106_140.jpg,0.0,106
image_4_100.jpg,1.9585474133491516,4
image_27_320.jpg,0.9801337718963623,27
image_80_200.jpg,9.24205057322979,80
image_51_100.jpg,4.547692179679871,51
image_101_340.jpg,0.6843052506446838,101
image_105_320.jpg,0.0,105
image_62_240.jpg,3.342642307281494,62
image_59_180.jpg,3.7593075335025787,59
image_7_300.jpg,6.2705113887786865,7
image_83_120.jpg,0.2694658935070038,83
image_29_100.jpg,0.6933703720569611,29
image_57_160.jpg,8.193079844117165,57
image_28_100.jpg,2.499169886112213,28
image_31_320.jpg,0.9939223527908325,31
image_37_180.jpg,10.783027738332748,37
image_7_260.jpg,14.773839622735977,7
image_19_260.jpg,9.753011167049408,19
image_70_40.jpg,5.401277497410774,70
image_6_100.jpg,0.8449404239654541,6
image_67_40.jpg,9.865366443991661,67
image_70_60.jpg,0.0,70
image_45_280.jpg,1.9908169507980347,45
image_32_120.jpg,10.412881344556808,32
image_53_220.jpg,0.9976950287818909,53
image_110_340.jpg,0.0,110
image_1_220.jpg,3.897042214870453,1
image_34_300.jpg,0.0,34
image_65_20.jpg,20.602937057614326,65
image_27_80.jpg,0.9512788653373718,27
image_109_140.jpg,0.0,109
image_8_240.jpg,5.866071164608002,8
image_103_20.jpg,0.0,103
image_79_300.jpg,6.475736781954765,79
image_9_220.jpg,9.12373161315918,9
image_5_280.jpg,5.812592923641205,5
image_77_260.jpg,0.7196348011493683,77
image_71_180.jpg,4.490145027637482,71
image_30_300.jpg,10.718036457896233,30
image_46_300.jpg,0.0,46
image_33_200.jpg,0.9964087605476379,33
image_27_240.jpg,4.735828757286072,27
image_31_60.jpg,2.678533375263214,31
image_98_340.jpg,0.0,98
image_78_0.jpg,0.0,78
image_93_100.jpg,1.6014725863933563,93
image_34_160.jpg,7.113023817539215,34
image_30_0.jpg,0.9085813164710999,30
image_51_20.jpg,19.03998625278473,51
image_95_140.jpg,1.869994580745697,95
image_43_20.jpg,1.9983648657798767,43
image_46_200.jpg,1.8364417254924774,46
image_28_240.jpg,0.0,28
image_97_20.jpg,0.0,97
image_46_100.jpg,0.0,46
image_81_340.jpg,0.9988906979560852,81
image_101_100.jpg,0.0,101
image_78_260.jpg,0.0,78
image_42_20.jpg,6.583226874470711,42
image_20_140.jpg,0.39878514409065247,20
image_54_260.jpg,6.467055529356003,54
image_50_120.jpg,0.0,50
image_40_320.jpg,2.826335072517395,40
image_9_120.jpg,3.361681878566742,9
image_80_320.jpg,4.770040065050125,80
image_32_320.jpg,2.5769445300102234,32
image_30_80.jpg,4.732653737068176,30
image_41_180.jpg,1.125105619430542,41
image_44_140.jpg,9.88923616707325,44
image_57_180.jpg,7.479418843984604,57
image_99_340.jpg,1.414027452468872,99
image_101_60.jpg,0.8562352955341339,101
image_13_60.jpg,0.0,13
image_88_180.jpg,1.2349868714809418,88
image_42_100.jpg,21.716649025678635,42
image_36_300.jpg,2.5653236508369446,36
image_112_180.jpg,0.0,112
image_102_260.jpg,0.0,102
image_76_340.jpg,0.8651273846626282,76
image_44_60.jpg,8.329749554395676,44
image_49_180.jpg,15.907070592045784,49
image_54_40.jpg,10.239445492625237,54
image_109_120.jpg,0.9674142003059387,109
image_18_40.jpg,12.161879137158394,18
image_56_120.jpg,10.137279346585274,56
image_30_40.jpg,0.0,30
image_78_40.jpg,1.6329641193151474,78
image_22_200.jpg,1.3566481918096542,22
image_26_20.jpg,3.580632969737053,26
image_4_60.jpg,1.1732576191425323,4
image_18_120.jpg,0.6295917928218842,18
image_90_320.jpg,0.0,90
image_97_260.jpg,0.9254136979579926,97
image_42_320.jpg,22.219845578074455,42
image_18_180.jpg,6.497209548950195,18
image_22_240.jpg,0.0,22
image_25_260.jpg,2.6290257275104523,25
image_20_120.jpg,0.8512636721134186,20
image_80_100.jpg,23.726041555404663,80
image_83_200.jpg,0.0,83
image_79_160.jpg,2.7739084362983704,79
image_37_140.jpg,8.710041493177414,37
image_32_200.jpg,0.0,32
image_50_280.jpg,5.37770788371563,50
image_106_100.jpg,0.0,106
image_108_220.jpg,0.0,108
image_109_320.jpg,0.0,109
image_47_80.jpg,4.231993556022644,47
image_108_240.jpg,0.0,108
image_96_300.jpg,0.5429251194000244,96
image_17_260.jpg,0.6491294503211975,17
image_5_200.jpg,4.698597475886345,5
image_92_240.jpg,7.710818961262703,92
image_36_220.jpg,19.399112835526466,36
image_24_300.jpg,1.5367651581764221,24
image_51_0.jpg,22.817207977175713,51
image_93_160.jpg,2.9839718639850616,93
image_56_160.jpg,1.5421476662158966,56
image_62_0.jpg,14.427207812666893,62
image_68_260.jpg,5.428719639778137,68
image_90_300.jpg,0.6137023270130157,90
image_18_100.jpg,2.057811737060547,18
image_34_280.jpg,0.8780631422996521,34
image_28_80.jpg,4.656650900840759,28
image_37_0.jpg,9.876644536852837,37
image_26_320.jpg,2.606752097606659,26
image_106_200.jpg,0.5826630592346191,106
image_40_240.jpg,2.8530654460191727,40
image_60_180.jpg,2.04792919754982,60
image_70_120.jpg,0.47882160544395447,70
image_95_60.jpg,6.450821161270142,95
image_36_60.jpg,14.37678749859333,36
image_2_80.jpg,4.4240149557590485,2
image_93_260.jpg,6.749030113220215,93
image_92_0.jpg,5.630400329828262,92
image_35_300.jpg,0.0,35
image_40_180.jpg,4.732642233371735,40
image_89_240.jpg,2.3599425554275513,89
image_1_340.jpg,2.817336618900299,1
image_114_100.jpg,0.0,114
image_84_180.jpg,0.0,84
image_97_280.jpg,0.9049586057662964,97
image_67_300.jpg,9.525619804859161,67
image_114_20.jpg,0.0,114
image_41_60.jpg,4.744303911924362,41
image_17_140.jpg,0.4976055324077606,17
image_17_40.jpg,2.148368149995804,17
image_26_40.jpg,1.999022901058197,26
image_112_280.jpg,0.0,112
image_78_140.jpg,0.9981132745742798,78
image_102_240.jpg,0.0,102
image_52_200.jpg,6.851443812251091,52
image_33_60.jpg,2.0369279384613037,33
image_74_340.jpg,2.3980822563171387,74
image_76_120.jpg,0.9992027878761292,76
image_48_0.jpg,4.142608880996704,48
image_84_140.jpg,7.282584145665169,84
image_9_200.jpg,13.34846356511116,9
image_106_0.jpg,0.0,106
image_34_80.jpg,2.8454306721687317,34
image_62_120.jpg,5.424627110362053,62
image_105_340.jpg,0.24102024734020233,105
image_65_320.jpg,12.015005588531494,65
image_107_40.jpg,0.0,107
image_89_120.jpg,1.823609083890915,89
image_70_340.jpg,0.0,70
image_53_260.jpg,0.0,53
image_46_340.jpg,6.479525566101074,46
image_23_240.jpg,2.6794543713331223,23
image_7_340.jpg,5.193771034479141,7
